,n,time,result
0,2,0.0007506760000000057,1
1,4,6.736999999645832e-06,3
2,8,1.0907000000059952e-05,21
3,16,0.00030219600000069846,987
4,32,0.6404318130000002,2178309
5,64,-1.0,-1
6,128,-1.0,-1
7,256,-1.0,-1
8,512,-1.0,-1
9,1024,-1.0,-1
10,2048,-1.0,-1
11,4096,-1.0,-1
12,8192,-1.0,-1
13,16384,-1.0,-1
14,32768,-1.0,-1
15,65536,-1.0,-1
16,131072,-1.0,-1
17,262144,-1.0,-1
